{"title":"EJERCICIO-3-EAM","markdown":{"yaml":{"title":"EJERCICIO-3-EAM","author":"Eric Alvarado Meza","format":{"html":"default","docx":"default","pdf":"default"}},"headingText":"Control de larvas de mosquitos","containsRefs":false,"markdown":"\n\n\n## 1.- Diseño experimental\n\n:::::: {style=\"text-align: justify;\"}\nSe va a evaluar el efecto de 2 pesticidas en la supervivivencia de las larvas del mosquito *Aedes aegipty*, de 3 zonas distintas con distintos niveles histroria/exposición a contaminantes, este último porque se sospecha que puede afectar a la respuesta de las larvas al pesticida. Siendo mas específicos se tomaran 100 adultos de cada cuerpo de agua, se llevaran al laboratorio y seran criados en condicones homogeneas para obtener 50 larvas para exponerlas a cada pesticida.\n\n![](Imagenes/Mosquito%20adulto.jpg){width=\"30%\"} ![](Imagenes/Larva%20mosquito.jpg){width=\"30%\"}\n\n::::: {style=\"text-align: justify;\"}\nDebido al poco conocimiento que se tiene de la exposición previa a contaminantes de cada zona, esta se vuelve una variable no medible, es decir, actua como una variable aleatoria, sumado a esto en el diseño se aplicaran los tres tratamientos de pesticida a las larvas obtenidas de los adultos de cada zona, por lo cual podemos decir que **el diseño experimental corresponde a un modelo mixto.**\n\n## 2.- Arreglo de los tratamientos\n\n:::: {style=\"text-align: justify;\"}\nComo se mencionó anteriormente lo que se hara es tomar 100 adultos de cada zona para su posterior cria en condiciones homogenas, esto para obtener 50 larvas para exponer a cada pesticida y asi comparar la supervivencia de estas en cada caso.\n\nEste experimento tiene dos varaiables que correponde al tratamiento y la zona:\n\n-   El tratamiento (T)\n-   La zona (Z)\n\nY cada variable tiene tres niveles:\n\n-   Niveles tratamiento: Control, Mezcla de *Bacillus thuringiensis*, *Beauveria bassiana*, *Peacelomyces fumorosae* (Pesticida A) y Temefos (Pesticida B)\n\n-   Niveles zona: Pristino, uso humano medio y muy alterado\n\nNo obstante es necesario aclarar que debido a la falta de detalles del territorio la variable se vuelve no medible y sus efectos en los tratamientos debe de ser considerados como aleatorios.\n\n::: {style=\"text-align: justify;\"}\nPor todo lo anteriormente mencionado podemos decir que **el arreglo de los tramientos corresponde a uno de 1 factor de multiples niveles (3) acompañado de una varaiable aleatoria también de multiples niveles (3).**\n\n## 3.- Modelo del experimento\n\nDebido a que se trata de un modelo mixto la ecuación que mejor representa al modelo del experimento es la siguiente:\n\n$$\ny_{ijk} = \\mu + T_{i} + \\delta_{j(i)} + \\epsilon_{k(ij)}\n$$\n\nDonde:\n\ny~ijK~= Porcentaje de supervivivencia\n\n$\\mu$= Media general\n\nT~i~= El tratamiento de pesticida aplicado\n\n$\\delta_{k(j)}$= Es el efecto aleatorio del terirtorio en el pesticida\n\n$\\epsilon_{k(ij)}$= Es el error.\n\n## 4.- Supuestos para el análisis estadístico\n\nLos supuestos que se asumen para este analisis estadístico son:\n\n-   Normalidad: Lo que significa que nuestro valores siguen una distribucion normal.\n\n-   Independencia: Los datos observados de la supervivivencia son indepndientes uno de otro.\n\n-   Homocedasticidad: Esto significa que las varainzas seran similares o iguales entre si.\n\n-   Linealidad: Habra una relacion lineal en este caso entre el % de supervivencia y el tratamiento de pesticida aplicado.\n\n## 5.- Criterio/nivel de significancia\n\nEl criterio de significancia establecido para este experiemnto sera de 0.05\n\n## 6.- Exploración de datos\n\n**Tabla general de datos**\n\n```{r, echo=FALSE}\n\nlibrary(knitr)\n\nDatos_mosquitos<- read.csv(\"DATOS MOSQUITOS.CSV\", header=TRUE)\n\nknitr::kable(Datos_mosquitos,caption=\"DATOS MOSQUITOS\")\n\n\n```\n\n```{r, echo=FALSE}\n\nlibrary(ggplot2)\nlibrary(dplyr)\n\n\nggplot(Datos_mosquitos,aes(\n  x=Tratamiento,\n  y=Supervivencia,\n  color = Tipo.de.territorio,\n  group = Tipo.de.territorio\n))+\n  geom_point(size=3)+\n  scale_color_manual(values = c(\n    \"prístino\"=\"cadetblue1\",\n    \"uso humano medio\"= \"burlywood1\",\n    \"muy alterado\"= \"darkolivegreen1\"\n))+\n  labs(\n    title = \"Efecto de los pesticidas en la supervivencia\",\n    y= \"Supervivencia (%)\",\n    x= \"Pesticida\"\n  )\n  \n```\n\n\n```{r, echo=FALSE}\nlibrary(dplyr)\nsummary(Datos_mosquitos)\n\nDatos_mosquitos %>%\n  group_by(Tratamiento) %>%\n  summarise(\n    Media = mean(Supervivencia),\n    Desviacion = sd(Supervivencia),\n    Varianaza = var(Supervivencia)\n  )\n\n```\n\n## 7.- Construcción del modelo y minimo adecuado\n\n## 8.- Valoracion del modelo y análisis de residuos\n\n## 9 .- Diferencias entre tratamientos\n\n## 10.- Conclusiones\n::::: {style=\"text-align: justify;\"}\nHola profesor, como puede apreciar, solo pude cubrir hasta la sección de exploracion de datos, y si bien no me fue posible cubrir la totalidad de este ejercicio (tanto por mis dudas de algunos de los materiales como mi limitado conocimiento del lenguaje R), la verdad es que gracias a este puedo decir que ahora tengo una mejor comprensión de R y mas en concreto de quarto. Ya había visto esta seccion en el curso introductorio pero no fue hasta ahora que realmente entendí de mejor forma su uso y utilidad, y por eso le agardezco mucho.\n\n::::: {style=\"text-align: justify;\"}\nMuchas gracias por su tiempo y dedicación a lo largo del curso, la verdad me amplio bastante mi panorama general de lo que respecta a diseñar un experimento, y si bien hoy no puede aplicar la totalidad de lo visto, ahoara se por donde debo andar. Le deseo lo mejor\n\nSaludos.\n\nAtte. Eric Alvarado Meza\n:::\n::::\n:::::\n::::::\n","srcMarkdownNoYaml":"\n\n# Control de larvas de mosquitos\n\n## 1.- Diseño experimental\n\n:::::: {style=\"text-align: justify;\"}\nSe va a evaluar el efecto de 2 pesticidas en la supervivivencia de las larvas del mosquito *Aedes aegipty*, de 3 zonas distintas con distintos niveles histroria/exposición a contaminantes, este último porque se sospecha que puede afectar a la respuesta de las larvas al pesticida. Siendo mas específicos se tomaran 100 adultos de cada cuerpo de agua, se llevaran al laboratorio y seran criados en condicones homogeneas para obtener 50 larvas para exponerlas a cada pesticida.\n\n![](Imagenes/Mosquito%20adulto.jpg){width=\"30%\"} ![](Imagenes/Larva%20mosquito.jpg){width=\"30%\"}\n\n::::: {style=\"text-align: justify;\"}\nDebido al poco conocimiento que se tiene de la exposición previa a contaminantes de cada zona, esta se vuelve una variable no medible, es decir, actua como una variable aleatoria, sumado a esto en el diseño se aplicaran los tres tratamientos de pesticida a las larvas obtenidas de los adultos de cada zona, por lo cual podemos decir que **el diseño experimental corresponde a un modelo mixto.**\n\n## 2.- Arreglo de los tratamientos\n\n:::: {style=\"text-align: justify;\"}\nComo se mencionó anteriormente lo que se hara es tomar 100 adultos de cada zona para su posterior cria en condiciones homogenas, esto para obtener 50 larvas para exponer a cada pesticida y asi comparar la supervivencia de estas en cada caso.\n\nEste experimento tiene dos varaiables que correponde al tratamiento y la zona:\n\n-   El tratamiento (T)\n-   La zona (Z)\n\nY cada variable tiene tres niveles:\n\n-   Niveles tratamiento: Control, Mezcla de *Bacillus thuringiensis*, *Beauveria bassiana*, *Peacelomyces fumorosae* (Pesticida A) y Temefos (Pesticida B)\n\n-   Niveles zona: Pristino, uso humano medio y muy alterado\n\nNo obstante es necesario aclarar que debido a la falta de detalles del territorio la variable se vuelve no medible y sus efectos en los tratamientos debe de ser considerados como aleatorios.\n\n::: {style=\"text-align: justify;\"}\nPor todo lo anteriormente mencionado podemos decir que **el arreglo de los tramientos corresponde a uno de 1 factor de multiples niveles (3) acompañado de una varaiable aleatoria también de multiples niveles (3).**\n\n## 3.- Modelo del experimento\n\nDebido a que se trata de un modelo mixto la ecuación que mejor representa al modelo del experimento es la siguiente:\n\n$$\ny_{ijk} = \\mu + T_{i} + \\delta_{j(i)} + \\epsilon_{k(ij)}\n$$\n\nDonde:\n\ny~ijK~= Porcentaje de supervivivencia\n\n$\\mu$= Media general\n\nT~i~= El tratamiento de pesticida aplicado\n\n$\\delta_{k(j)}$= Es el efecto aleatorio del terirtorio en el pesticida\n\n$\\epsilon_{k(ij)}$= Es el error.\n\n## 4.- Supuestos para el análisis estadístico\n\nLos supuestos que se asumen para este analisis estadístico son:\n\n-   Normalidad: Lo que significa que nuestro valores siguen una distribucion normal.\n\n-   Independencia: Los datos observados de la supervivivencia son indepndientes uno de otro.\n\n-   Homocedasticidad: Esto significa que las varainzas seran similares o iguales entre si.\n\n-   Linealidad: Habra una relacion lineal en este caso entre el % de supervivencia y el tratamiento de pesticida aplicado.\n\n## 5.- Criterio/nivel de significancia\n\nEl criterio de significancia establecido para este experiemnto sera de 0.05\n\n## 6.- Exploración de datos\n\n**Tabla general de datos**\n\n```{r, echo=FALSE}\n\nlibrary(knitr)\n\nDatos_mosquitos<- read.csv(\"DATOS MOSQUITOS.CSV\", header=TRUE)\n\nknitr::kable(Datos_mosquitos,caption=\"DATOS MOSQUITOS\")\n\n\n```\n\n```{r, echo=FALSE}\n\nlibrary(ggplot2)\nlibrary(dplyr)\n\n\nggplot(Datos_mosquitos,aes(\n  x=Tratamiento,\n  y=Supervivencia,\n  color = Tipo.de.territorio,\n  group = Tipo.de.territorio\n))+\n  geom_point(size=3)+\n  scale_color_manual(values = c(\n    \"prístino\"=\"cadetblue1\",\n    \"uso humano medio\"= \"burlywood1\",\n    \"muy alterado\"= \"darkolivegreen1\"\n))+\n  labs(\n    title = \"Efecto de los pesticidas en la supervivencia\",\n    y= \"Supervivencia (%)\",\n    x= \"Pesticida\"\n  )\n  \n```\n\n\n```{r, echo=FALSE}\nlibrary(dplyr)\nsummary(Datos_mosquitos)\n\nDatos_mosquitos %>%\n  group_by(Tratamiento) %>%\n  summarise(\n    Media = mean(Supervivencia),\n    Desviacion = sd(Supervivencia),\n    Varianaza = var(Supervivencia)\n  )\n\n```\n\n## 7.- Construcción del modelo y minimo adecuado\n\n## 8.- Valoracion del modelo y análisis de residuos\n\n## 9 .- Diferencias entre tratamientos\n\n## 10.- Conclusiones\n::::: {style=\"text-align: justify;\"}\nHola profesor, como puede apreciar, solo pude cubrir hasta la sección de exploracion de datos, y si bien no me fue posible cubrir la totalidad de este ejercicio (tanto por mis dudas de algunos de los materiales como mi limitado conocimiento del lenguaje R), la verdad es que gracias a este puedo decir que ahora tengo una mejor comprensión de R y mas en concreto de quarto. Ya había visto esta seccion en el curso introductorio pero no fue hasta ahora que realmente entendí de mejor forma su uso y utilidad, y por eso le agardezco mucho.\n\n::::: {style=\"text-align: justify;\"}\nMuchas gracias por su tiempo y dedicación a lo largo del curso, la verdad me amplio bastante mi panorama general de lo que respecta a diseñar un experimento, y si bien hoy no puede aplicar la totalidad de lo visto, ahoara se por donde debo andar. Le deseo lo mejor\n\nSaludos.\n\nAtte. Eric Alvarado Meza\n:::\n::::\n:::::\n::::::\n"},"formats":{"html":{"identifier":{"display-name":"HTML","target-format":"html","base-format":"html"},"execute":{"fig-width":7,"fig-height":5,"fig-format":"retina","fig-dpi":96,"df-print":"default","error":false,"eval":true,"cache":null,"freeze":false,"echo":true,"output":true,"warning":true,"include":true,"keep-md":false,"keep-ipynb":false,"ipynb":null,"enabled":null,"daemon":null,"daemon-restart":false,"debug":false,"ipynb-filters":[],"ipynb-shell-interactivity":null,"plotly-connected":true,"engine":"knitr"},"render":{"keep-tex":false,"keep-typ":false,"keep-source":false,"keep-hidden":false,"prefer-html":false,"output-divs":true,"output-ext":"html","fig-align":"default","fig-pos":null,"fig-env":null,"code-fold":"none","code-overflow":"scroll","code-link":false,"code-line-numbers":false,"code-tools":false,"tbl-colwidths":"auto","merge-includes":true,"inline-includes":false,"preserve-yaml":false,"latex-auto-mk":true,"latex-auto-install":true,"latex-clean":true,"latex-min-runs":1,"latex-max-runs":10,"latex-makeindex":"makeindex","latex-makeindex-opts":[],"latex-tlmgr-opts":[],"latex-input-paths":[],"latex-output-dir":null,"link-external-icon":false,"link-external-newwindow":false,"self-contained-math":false,"format-resources":[],"notebook-links":true},"pandoc":{"standalone":true,"wrap":"none","default-image-extension":"png","to":"html","output-file":"EJERCICIO-3-EAM.html"},"language":{"toc-title-document":"Table of contents","toc-title-website":"On this page","related-formats-title":"Other Formats","related-notebooks-title":"Notebooks","source-notebooks-prefix":"Source","other-links-title":"Other Links","code-links-title":"Code Links","launch-dev-container-title":"Launch Dev Container","launch-binder-title":"Launch Binder","article-notebook-label":"Article Notebook","notebook-preview-download":"Download Notebook","notebook-preview-download-src":"Download Source","notebook-preview-back":"Back to Article","manuscript-meca-bundle":"MECA Bundle","section-title-abstract":"Abstract","section-title-appendices":"Appendices","section-title-footnotes":"Footnotes","section-title-references":"References","section-title-reuse":"Reuse","section-title-copyright":"Copyright","section-title-citation":"Citation","appendix-attribution-cite-as":"For attribution, please cite this work as:","appendix-attribution-bibtex":"BibTeX citation:","appendix-view-license":"View License","title-block-author-single":"Author","title-block-author-plural":"Authors","title-block-affiliation-single":"Affiliation","title-block-affiliation-plural":"Affiliations","title-block-published":"Published","title-block-modified":"Modified","title-block-keywords":"Keywords","callout-tip-title":"Tip","callout-note-title":"Note","callout-warning-title":"Warning","callout-important-title":"Important","callout-caution-title":"Caution","code-summary":"Code","code-tools-menu-caption":"Code","code-tools-show-all-code":"Show All Code","code-tools-hide-all-code":"Hide All Code","code-tools-view-source":"View Source","code-tools-source-code":"Source Code","tools-share":"Share","tools-download":"Download","code-line":"Line","code-lines":"Lines","copy-button-tooltip":"Copy to Clipboard","copy-button-tooltip-success":"Copied!","repo-action-links-edit":"Edit this page","repo-action-links-source":"View source","repo-action-links-issue":"Report an issue","back-to-top":"Back to top","search-no-results-text":"No results","search-matching-documents-text":"matching documents","search-copy-link-title":"Copy link to search","search-hide-matches-text":"Hide additional matches","search-more-match-text":"more match in this document","search-more-matches-text":"more matches in this document","search-clear-button-title":"Clear","search-text-placeholder":"","search-detached-cancel-button-title":"Cancel","search-submit-button-title":"Submit","search-label":"Search","toggle-section":"Toggle section","toggle-sidebar":"Toggle sidebar navigation","toggle-dark-mode":"Toggle dark mode","toggle-reader-mode":"Toggle reader mode","toggle-navigation":"Toggle navigation","crossref-fig-title":"Figure","crossref-tbl-title":"Table","crossref-lst-title":"Listing","crossref-thm-title":"Theorem","crossref-lem-title":"Lemma","crossref-cor-title":"Corollary","crossref-prp-title":"Proposition","crossref-cnj-title":"Conjecture","crossref-def-title":"Definition","crossref-exm-title":"Example","crossref-exr-title":"Exercise","crossref-ch-prefix":"Chapter","crossref-apx-prefix":"Appendix","crossref-sec-prefix":"Section","crossref-eq-prefix":"Equation","crossref-lof-title":"List of Figures","crossref-lot-title":"List of Tables","crossref-lol-title":"List of Listings","environment-proof-title":"Proof","environment-remark-title":"Remark","environment-solution-title":"Solution","listing-page-order-by":"Order By","listing-page-order-by-default":"Default","listing-page-order-by-date-asc":"Oldest","listing-page-order-by-date-desc":"Newest","listing-page-order-by-number-desc":"High to Low","listing-page-order-by-number-asc":"Low to High","listing-page-field-date":"Date","listing-page-field-title":"Title","listing-page-field-description":"Description","listing-page-field-author":"Author","listing-page-field-filename":"File Name","listing-page-field-filemodified":"Modified","listing-page-field-subtitle":"Subtitle","listing-page-field-readingtime":"Reading Time","listing-page-field-wordcount":"Word Count","listing-page-field-categories":"Categories","listing-page-minutes-compact":"{0} min","listing-page-category-all":"All","listing-page-no-matches":"No matching items","listing-page-words":"{0} words","listing-page-filter":"Filter","draft":"Draft"},"metadata":{"lang":"en","fig-responsive":true,"quarto-version":"1.6.42","title":"EJERCICIO-3-EAM","author":"Eric Alvarado Meza"},"extensions":{"book":{"multiFile":true}}},"docx":{"identifier":{"display-name":"MS Word","target-format":"docx","base-format":"docx"},"execute":{"fig-width":5,"fig-height":4,"fig-format":"png","fig-dpi":96,"df-print":"default","error":false,"eval":true,"cache":null,"freeze":false,"echo":true,"output":true,"warning":true,"include":true,"keep-md":false,"keep-ipynb":false,"ipynb":null,"enabled":null,"daemon":null,"daemon-restart":false,"debug":false,"ipynb-filters":[],"ipynb-shell-interactivity":null,"plotly-connected":true,"engine":"knitr"},"render":{"keep-tex":false,"keep-typ":false,"keep-source":false,"keep-hidden":false,"prefer-html":false,"output-divs":true,"output-ext":"docx","fig-align":"default","fig-pos":null,"fig-env":null,"code-fold":"none","code-overflow":"scroll","code-link":false,"code-line-numbers":false,"code-tools":false,"tbl-colwidths":true,"merge-includes":true,"inline-includes":false,"preserve-yaml":false,"latex-auto-mk":true,"latex-auto-install":true,"latex-clean":true,"latex-min-runs":1,"latex-max-runs":10,"latex-makeindex":"makeindex","latex-makeindex-opts":[],"latex-tlmgr-opts":[],"latex-input-paths":[],"latex-output-dir":null,"link-external-icon":false,"link-external-newwindow":false,"self-contained-math":false,"format-resources":[],"page-width":6.5},"pandoc":{"default-image-extension":"png","to":"docx","output-file":"EJERCICIO-3-EAM.docx"},"language":{"toc-title-document":"Table of contents","toc-title-website":"On this page","related-formats-title":"Other Formats","related-notebooks-title":"Notebooks","source-notebooks-prefix":"Source","other-links-title":"Other Links","code-links-title":"Code Links","launch-dev-container-title":"Launch Dev Container","launch-binder-title":"Launch Binder","article-notebook-label":"Article Notebook","notebook-preview-download":"Download Notebook","notebook-preview-download-src":"Download Source","notebook-preview-back":"Back to Article","manuscript-meca-bundle":"MECA Bundle","section-title-abstract":"Abstract","section-title-appendices":"Appendices","section-title-footnotes":"Footnotes","section-title-references":"References","section-title-reuse":"Reuse","section-title-copyright":"Copyright","section-title-citation":"Citation","appendix-attribution-cite-as":"For attribution, please cite this work as:","appendix-attribution-bibtex":"BibTeX citation:","appendix-view-license":"View License","title-block-author-single":"Author","title-block-author-plural":"Authors","title-block-affiliation-single":"Affiliation","title-block-affiliation-plural":"Affiliations","title-block-published":"Published","title-block-modified":"Modified","title-block-keywords":"Keywords","callout-tip-title":"Tip","callout-note-title":"Note","callout-warning-title":"Warning","callout-important-title":"Important","callout-caution-title":"Caution","code-summary":"Code","code-tools-menu-caption":"Code","code-tools-show-all-code":"Show All Code","code-tools-hide-all-code":"Hide All Code","code-tools-view-source":"View Source","code-tools-source-code":"Source Code","tools-share":"Share","tools-download":"Download","code-line":"Line","code-lines":"Lines","copy-button-tooltip":"Copy to Clipboard","copy-button-tooltip-success":"Copied!","repo-action-links-edit":"Edit this page","repo-action-links-source":"View source","repo-action-links-issue":"Report an issue","back-to-top":"Back to top","search-no-results-text":"No results","search-matching-documents-text":"matching documents","search-copy-link-title":"Copy link to search","search-hide-matches-text":"Hide additional matches","search-more-match-text":"more match in this document","search-more-matches-text":"more matches in this document","search-clear-button-title":"Clear","search-text-placeholder":"","search-detached-cancel-button-title":"Cancel","search-submit-button-title":"Submit","search-label":"Search","toggle-section":"Toggle section","toggle-sidebar":"Toggle sidebar navigation","toggle-dark-mode":"Toggle dark mode","toggle-reader-mode":"Toggle reader mode","toggle-navigation":"Toggle navigation","crossref-fig-title":"Figure","crossref-tbl-title":"Table","crossref-lst-title":"Listing","crossref-thm-title":"Theorem","crossref-lem-title":"Lemma","crossref-cor-title":"Corollary","crossref-prp-title":"Proposition","crossref-cnj-title":"Conjecture","crossref-def-title":"Definition","crossref-exm-title":"Example","crossref-exr-title":"Exercise","crossref-ch-prefix":"Chapter","crossref-apx-prefix":"Appendix","crossref-sec-prefix":"Section","crossref-eq-prefix":"Equation","crossref-lof-title":"List of Figures","crossref-lot-title":"List of Tables","crossref-lol-title":"List of Listings","environment-proof-title":"Proof","environment-remark-title":"Remark","environment-solution-title":"Solution","listing-page-order-by":"Order By","listing-page-order-by-default":"Default","listing-page-order-by-date-asc":"Oldest","listing-page-order-by-date-desc":"Newest","listing-page-order-by-number-desc":"High to Low","listing-page-order-by-number-asc":"Low to High","listing-page-field-date":"Date","listing-page-field-title":"Title","listing-page-field-description":"Description","listing-page-field-author":"Author","listing-page-field-filename":"File Name","listing-page-field-filemodified":"Modified","listing-page-field-subtitle":"Subtitle","listing-page-field-readingtime":"Reading Time","listing-page-field-wordcount":"Word Count","listing-page-field-categories":"Categories","listing-page-minutes-compact":"{0} min","listing-page-category-all":"All","listing-page-no-matches":"No matching items","listing-page-words":"{0} words","listing-page-filter":"Filter","draft":"Draft"},"metadata":{"title":"EJERCICIO-3-EAM","author":"Eric Alvarado Meza"},"extensions":{"book":{"selfContainedOutput":true}}},"pdf":{"identifier":{"display-name":"PDF","target-format":"pdf","base-format":"pdf"},"execute":{"fig-width":5.5,"fig-height":3.5,"fig-format":"pdf","fig-dpi":300,"df-print":"default","error":false,"eval":true,"cache":null,"freeze":false,"echo":true,"output":true,"warning":true,"include":true,"keep-md":false,"keep-ipynb":false,"ipynb":null,"enabled":null,"daemon":null,"daemon-restart":false,"debug":false,"ipynb-filters":[],"ipynb-shell-interactivity":null,"plotly-connected":true,"engine":"knitr"},"render":{"keep-tex":false,"keep-typ":false,"keep-source":false,"keep-hidden":false,"prefer-html":false,"output-divs":true,"output-ext":"pdf","fig-align":"default","fig-pos":null,"fig-env":null,"code-fold":"none","code-overflow":"scroll","code-link":false,"code-line-numbers":false,"code-tools":false,"tbl-colwidths":true,"merge-includes":true,"inline-includes":false,"preserve-yaml":false,"latex-auto-mk":true,"latex-auto-install":true,"latex-clean":true,"latex-min-runs":1,"latex-max-runs":10,"latex-makeindex":"makeindex","latex-makeindex-opts":[],"latex-tlmgr-opts":[],"latex-input-paths":[],"latex-output-dir":null,"link-external-icon":false,"link-external-newwindow":false,"self-contained-math":false,"format-resources":[]},"pandoc":{"pdf-engine":"xelatex","standalone":true,"variables":{"graphics":true,"tables":true},"default-image-extension":"pdf","to":"pdf","output-file":"EJERCICIO-3-EAM.pdf"},"language":{"toc-title-document":"Table of contents","toc-title-website":"On this page","related-formats-title":"Other Formats","related-notebooks-title":"Notebooks","source-notebooks-prefix":"Source","other-links-title":"Other Links","code-links-title":"Code Links","launch-dev-container-title":"Launch Dev Container","launch-binder-title":"Launch Binder","article-notebook-label":"Article Notebook","notebook-preview-download":"Download Notebook","notebook-preview-download-src":"Download Source","notebook-preview-back":"Back to Article","manuscript-meca-bundle":"MECA Bundle","section-title-abstract":"Abstract","section-title-appendices":"Appendices","section-title-footnotes":"Footnotes","section-title-references":"References","section-title-reuse":"Reuse","section-title-copyright":"Copyright","section-title-citation":"Citation","appendix-attribution-cite-as":"For attribution, please cite this work as:","appendix-attribution-bibtex":"BibTeX citation:","appendix-view-license":"View License","title-block-author-single":"Author","title-block-author-plural":"Authors","title-block-affiliation-single":"Affiliation","title-block-affiliation-plural":"Affiliations","title-block-published":"Published","title-block-modified":"Modified","title-block-keywords":"Keywords","callout-tip-title":"Tip","callout-note-title":"Note","callout-warning-title":"Warning","callout-important-title":"Important","callout-caution-title":"Caution","code-summary":"Code","code-tools-menu-caption":"Code","code-tools-show-all-code":"Show All Code","code-tools-hide-all-code":"Hide All Code","code-tools-view-source":"View Source","code-tools-source-code":"Source Code","tools-share":"Share","tools-download":"Download","code-line":"Line","code-lines":"Lines","copy-button-tooltip":"Copy to Clipboard","copy-button-tooltip-success":"Copied!","repo-action-links-edit":"Edit this page","repo-action-links-source":"View source","repo-action-links-issue":"Report an issue","back-to-top":"Back to top","search-no-results-text":"No results","search-matching-documents-text":"matching documents","search-copy-link-title":"Copy link to search","search-hide-matches-text":"Hide additional matches","search-more-match-text":"more match in this document","search-more-matches-text":"more matches in this document","search-clear-button-title":"Clear","search-text-placeholder":"","search-detached-cancel-button-title":"Cancel","search-submit-button-title":"Submit","search-label":"Search","toggle-section":"Toggle section","toggle-sidebar":"Toggle sidebar navigation","toggle-dark-mode":"Toggle dark mode","toggle-reader-mode":"Toggle reader mode","toggle-navigation":"Toggle navigation","crossref-fig-title":"Figure","crossref-tbl-title":"Table","crossref-lst-title":"Listing","crossref-thm-title":"Theorem","crossref-lem-title":"Lemma","crossref-cor-title":"Corollary","crossref-prp-title":"Proposition","crossref-cnj-title":"Conjecture","crossref-def-title":"Definition","crossref-exm-title":"Example","crossref-exr-title":"Exercise","crossref-ch-prefix":"Chapter","crossref-apx-prefix":"Appendix","crossref-sec-prefix":"Section","crossref-eq-prefix":"Equation","crossref-lof-title":"List of Figures","crossref-lot-title":"List of Tables","crossref-lol-title":"List of Listings","environment-proof-title":"Proof","environment-remark-title":"Remark","environment-solution-title":"Solution","listing-page-order-by":"Order By","listing-page-order-by-default":"Default","listing-page-order-by-date-asc":"Oldest","listing-page-order-by-date-desc":"Newest","listing-page-order-by-number-desc":"High to Low","listing-page-order-by-number-asc":"Low to High","listing-page-field-date":"Date","listing-page-field-title":"Title","listing-page-field-description":"Description","listing-page-field-author":"Author","listing-page-field-filename":"File Name","listing-page-field-filemodified":"Modified","listing-page-field-subtitle":"Subtitle","listing-page-field-readingtime":"Reading Time","listing-page-field-wordcount":"Word Count","listing-page-field-categories":"Categories","listing-page-minutes-compact":"{0} min","listing-page-category-all":"All","listing-page-no-matches":"No matching items","listing-page-words":"{0} words","listing-page-filter":"Filter","draft":"Draft"},"metadata":{"block-headings":true,"title":"EJERCICIO-3-EAM","author":"Eric Alvarado Meza"},"extensions":{"book":{"selfContainedOutput":true}}}},"projectFormats":[]}