"2","Aviso en gzfile(file, ""wb"") :"
"2","
 "
"2"," cannot open compressed file 'C:/Users/ericd/Documents/RESPALDO 14.11.2024/INECOL/SEMESTRES/PRIMER SEMESTRE/ESTADISTICA Y DISEÑO EXPERIMENTAL/MODULO III/TAREAS/EJERCICIO-3-EAM/.Rproj.user/shared/notebooks/50ABDF1A-EJERCICIO-3-EAM/1/D5E49EECfdf3ffd1/cdassb0tygjmi_t/06e600bba01d4bee8e3d560dc1bf8b00.snapshot', probable reason 'No such file or directory'
"
"2","Error en gzfile(file, ""wb""): no se puede abrir la conexión
"
"0",""
"0","library(ggplot2)"
"0","library(dplyr)"
"0",""
"0","Datos_mosquitos<- read.csv(""DATOS MOSQUITOS.CSV"", header=TRUE)"
"0",""
"0","ggplot(Datos_mosquitos,aes("
"0","  x=Tratamiento,"
"0","  y=Supervivencia,"
"0","  color = Tipo.de.territorio,"
"0","  group = Tipo.de.territorio"
"0","))+"
"0","  geom_point(size=3)+"
"0","  scale_color_manual(values = c("
"0","    ""prístino""=""cadetblue1"","
"0","    ""uso humano medio""= ""burlywood1"","
"0","    ""muy alterado""= ""red"""
"0","))+"
"0","  labs("
"0","    title = ""Efecto de los pesticidas en la supervivencia"","
"0","    y= ""Supervivencia (%)"","
"0","    x= ""Pesticida"""
"0","  )"
