{"chunk_definitions":[{"row":80,"row_count":1,"visible":true,"expansion_state":0,"options":{"engine":"r","echo":false,"label":"unnamed-chunk-45","dev":"png"},"document_id":"30970C44","chunk_id":"cx2cw2oqqqzdr","chunk_label":"unnamed-chunk-1"},{"row":108,"row_count":1,"visible":true,"expansion_state":0,"options":{"engine":"r","echo":false,"label":"unnamed-chunk-47","dev":"png"},"document_id":"30970C44","chunk_id":"c4k1nvhwljl60","chunk_label":"unnamed-chunk-2"},{"row":124,"row_count":1,"visible":true,"expansion_state":0,"options":{"engine":"r","echo":false,"label":"unnamed-chunk-46","dev":"png"},"document_id":"30970C44","chunk_id":"ctvg3eshaan91","chunk_label":"unnamed-chunk-3"},{"row":137,"row_count":1,"visible":true,"expansion_state":0,"options":{"engine":"r","echo":false,"label":"unnamed-chunk-66","dev":"png"},"document_id":"30970C44","chunk_id":"cth3hlh5og5t0","chunk_label":"unnamed-chunk-4"},{"row":148,"row_count":1,"visible":true,"expansion_state":0,"options":{"engine":"r","echo":false,"label":"unnamed-chunk-67","dev":"png"},"document_id":"30970C44","chunk_id":"c37yj2fdhailq","chunk_label":"unnamed-chunk-5"},{"row":158,"row_count":1,"visible":true,"expansion_state":0,"options":{"engine":"r","echo":false,"label":"unnamed-chunk-71","dev":"png"},"document_id":"30970C44","chunk_id":"cxvbxiukm5g96","chunk_label":"unnamed-chunk-6"},{"row":166,"row_count":1,"visible":true,"expansion_state":0,"options":{"engine":"r","echo":false,"label":"unnamed-chunk-69","dev":"png"},"document_id":"30970C44","chunk_id":"cm1gxp3tszodl","chunk_label":"unnamed-chunk-7"},{"row":183,"row_count":1,"visible":true,"expansion_state":0,"options":{"engine":"r","echo":false,"label":"unnamed-chunk-74","dev":"png"},"document_id":"30970C44","chunk_id":"cs537imfj7zrv","chunk_label":"unnamed-chunk-8"}],"doc_write_time":1770438170,"chunk_rendered_width":545}