[{"@type":"OpenTextQuestion","wordCloudQuestion":true,"lowerCaseAlias":"","id":"4589325","alias":"","text":"Para ti, ¿qué es la ciencia?  (escribe de 3 a 20 palabras que reflejen tu percepción) ","image":null,"imageAltText":null,"questionSettings":{},"resultDisplayType":"default","maxLength":2000,"maxWords":150,"resultFormat":"WORD_CLOUD","maxWordCount":null,"maxWordLength":null,"correctAnswers":[],"correctAnswerExplanation":null},{"@type":"OpenTextQuestion","wordCloudQuestion":true,"lowerCaseAlias":"","id":"4589326","alias":"","text":"¿Qué  damos por sentados cuando hacemos ciencia?","image":null,"imageAltText":null,"questionSettings":{},"resultDisplayType":"default","maxLength":2000,"maxWords":150,"resultFormat":"WORD_CLOUD","maxWordCount":null,"maxWordLength":null,"correctAnswers":[],"correctAnswerExplanation":null},{"@type":"MultipleChoiceQuestion","splitPercentageQuestion":false,"lowerCaseAlias":"","id":"4589327","alias":null,"text":"¿Cómo debe interpretarse esto?: 90% de las semillas en un grupo tratado germinan, en contraste con 20% que lo hacen en un grupo control.","image":"7bf68894-0159-47f0-920e-e1aea5894f0a","imageAltText":"","questionSettings":{},"resultDisplayType":"default","choices":[{"id":"17087239","alias":null,"text":"Definitivamente NO existe relación causal","excludeFromResults":false,"image":null,"imageAltText":null,"isCorrectAnswer":false},{"id":"17087240","alias":null,"text":"Definitivamente SÍ existe una relación causal","excludeFromResults":false,"image":null,"imageAltText":null,"isCorrectAnswer":false},{"id":"17087241","alias":null,"text":"Hay que hacer el experimento de mejor manera","excludeFromResults":false,"image":null,"imageAltText":null,"isCorrectAnswer":true},{"id":"17087242","alias":null,"text":"Habría que aplicar una prueba estadística apropiada","excludeFromResults":false,"image":null,"imageAltText":null,"isCorrectAnswer":false},{"id":"17087243","alias":null,"text":"Muy probablemente SÍ existe una relación causal","excludeFromResults":false,"image":null,"imageAltText":null,"isCorrectAnswer":true}],"minNumberSelections":1,"maxNumberSelections":5,"resultFormat":"%","distributableWeight":null,"weightingSetting":null,"weightingFactor":null,"correctAnswerExplanation":"La respuesta depende del contexto histórico. Actualmente la reacción seguramente sería concluir que el tratamiento causo un efecto muy grande. Hace unos 70 años razonaríamos que debido a que el tratamiento falló en 10% de las semillas, no se demuestra la existencia de relación causal entre el tratamiento y a germinación. Haría que hacer un experimento mejor\n","resultSorting":null,"uiType":"default"},{"@type":"ClickMapQuestion","lowerCaseAlias":"","id":"4589328","alias":"","text":"¿Qué tan de acuerdo estás con la siguiente aseveración?\n“La causalidad implica correlación”","image":"b70dcb3b-5891-4312-becd-82f4e6852f06","imageAltText":null,"questionSettings":{},"resultDisplayType":"default","options":[{"x":0.1,"y":0.1,"text":"Siempre es cierta","image":null,"imageAltText":null},{"x":0.1,"y":0.2,"text":"Nunca es cierta","image":null,"imageAltText":null},{"x":0.1,"y":0.3,"text":"A veces ocurre por azar","image":null,"imageAltText":null},{"x":0.1,"y":0.4,"text":"Sí, cuando hay una relación aleatoria","image":null,"imageAltText":null},{"x":0.1,"y":0.5,"text":"Depende del sistema ","image":null,"imageAltText":null},{"x":0.1,"y":0.6,"text":"La correlación no implica causalidad","image":null,"imageAltText":null}],"maxNumberSelections":1,"correctAnswers":[{"x":0.1,"y":0.5,"xRadius":0.0001,"yRadius":0.0001,"group":null,"shape":"oval","skewX":0,"skewY":0}],"correctAnswerExplanation":"Si un termostato mantiene tu casa a temperatura constante operando un horno de gas. Como el termostato mantiene la temperatura interior constante, no habrá correlación con la cantidad de gas quemado.\n\nClaramente la estructura y dinámica del sistema determina los que observamos. "},{"@type":"RankingQuestion","lowerCaseAlias":"","id":"4589329","alias":"","text":"¿Conoces alguna metodología científica para describir y analizar estructuras de relación causa efecto?","uiType":"ranking","image":"0bbe2160-14ff-4bc1-9a48-ffe82e1ad6d1","imageAltText":"","questionSettings":{},"resultDisplayType":"default","choices":[{"id":"13480795","sequence":0,"alias":null,"text":"Experimentos aleatorizados","image":null,"imageAltText":null},{"id":"13480796","sequence":1,"alias":null,"text":"Estudios observacionales ","image":null,"imageAltText":null},{"id":"13480797","sequence":2,"alias":null,"text":"Grafos acíclicos dirigidos  ","image":null,"imageAltText":null},{"id":"13480798","sequence":3,"alias":null,"text":"Todos los anteriores","image":null,"imageAltText":null}],"minNumberSelections":1,"maxNumberSelections":2,"correctAnswer":{"choices":[]},"correctAnswerExplanation":null},{"@type":"OpenTextQuestion","wordCloudQuestion":true,"lowerCaseAlias":"","id":"4589330","alias":"","text":"¿Cuáles son los aspectos CLAVE para diseñar un experimento/estudio?","image":null,"imageAltText":null,"questionSettings":{},"resultDisplayType":"default","maxLength":2000,"maxWords":150,"resultFormat":"WORD_CLOUD","maxWordCount":null,"maxWordLength":null,"correctAnswers":[],"correctAnswerExplanation":null}]