{"chunk_definitions":[{"row":91,"row_count":1,"visible":true,"expansion_state":0,"options":{"engine":"r","echo":false,"label":"setup","dev":"png"},"document_id":"1A292577","chunk_id":"csetup_chunk","chunk_label":"unnamed-chunk-1"},{"row":117,"row_count":1,"visible":true,"expansion_state":0,"options":{"engine":"r","echo":false,"label":"unnamed-chunk-32","dev":"png"},"document_id":"1A292577","chunk_id":"cdassb0tygjmi","chunk_label":"unnamed-chunk-2"},{"row":132,"row_count":1,"visible":true,"expansion_state":0,"options":{"engine":"r","echo":false,"label":"unnamed-chunk-33","dev":"png"},"document_id":"1A292577","chunk_id":"ck494304scewo","chunk_label":"unnamed-chunk-3"}],"doc_write_time":1770441835}