{"title":"Ejercicio-3-Jennifer","markdown":{"yaml":{"title":"Ejercicio-3-Jennifer","author":"Jennifer Lizzet Fernández Valdez","date":"2026/feb/06","lang":"es","format":{"html":{"embed-resources":true},"docx":"default"}},"headingText":"**Control de larvas de mosquitos**","containsRefs":false,"markdown":"\n\n\n#### **Situación de investigación**\n\n![Mosquito de la fiebre amarilla.](images/aedes_aegypti.avif){#1 fig-align=\"center\" width=\"400\"}\n\nQueremos evaluar el efecto de tres pesticidas sobre la supervivencia de larvas de *Aedes aegypti*. Estamos ensayando el pesticida en una zona donde sabemos que hay **distintas historias de exposición a contaminantes**, lo que sospechamos puede afectar su respuesta. Desafortunadamente, sabemos poco sobre los detalles de esas historias de exposición previa, por lo que las consideramos una fuente de variabilidad algo **compleja y no medible**.\n\n![Larva de *Aedes aegypti.*](images/Aedes_aegypti_larva.jpg){fig-align=\"center\" width=\"400\"}\n\n### Diseño experimental\n\nEs un diseño experimental de modelo de efectos aleatorizados con restricciones de aleatorización en bloques.\n\n#### Tratamientos\n\n-   Control\n\n-   A: Mezcla de*Bacillus thuringiensis*, *Beauveria bassiana*, *Peacelomyces fumorosae*\n\n-   B: Temefos\n\n#### Ideas de diseño\n\n-   En la zona de interés se sabe que hay tres grandes territorios. Uno prácticamente en estado natural, seguramente con muy baja exposición a agroquímicos de todo tipo. Hay otra gran proporción del lugar que se dice ha estado medianamente expuesta y finalmente, hay otro territorio muy afectado por actividades humanas que seguramente lo ha expuesto a una larga historia de uso de agroquímicos.\n\n-   El estudio se realizó de la siguiente manera. Se capturaron en cada lugar 100 adultos de *Aedes aegypti*. Se llevaron esos mosquitos al laboratorio, donde se les mantuvo en condiciones homogéneas. Se les ofrecieron contenedores de agua limpia, apropiados para su reproducción. Así, se obtuvieron 50 larvas producidas por los adultos colectados en cada lugar y se expusieron a cada tratamiento. Finalmente, se tomó nota de la supervivencia resultante al cabo de 48 horas.\n\n#### Arreglo de tratamientos\n\nEs un diseño unifactorial.\n\n#### Modelo que corresponde a este experimento\n\n$$\ny=\\mu+Ta+\\text{ŋ}+\\varepsilon\n$$ Leyenda:\n\n-   𝜇: media\n\n-   ta: tratamiento\n\n-   ŋ: error de restricción de bloques\n\n-   ε: error\n\n#### Supuestos que harás para apoyar tu análisis estadístico\n\nSe asume normalidad en los datos, lo que permite poder hacer los análisis siguientes.\n\n#### Criterio o nivel de significancia\n\nSe usó un nivel de significancia de α 0.05 correspondiente al 95% de confianza.\n\n### Resultados obtenidos\n\n#### Tabla\n\n```{r,echo=FALSE}\n\nlibrary(readxl)\nlibrary(knitr)\n\nTabla_resultados<-read_excel(\"Tabla resultados.xlsx\")\n\nknitr::kable(Tabla_resultados,caption=\"Tabla de resultados\")\n\n```\n\n#### Gráfica\n\n```{r,echo=FALSE}\nlibrary(ggplot2)\nlibrary(dplyr)\n\nggplot(Tabla_resultados,aes(\n  x=Tratamiento, \n  y=Supervivencia, \n  color=`Tipo de territorio`, \n  group=`Tipo de territorio`\n))+\n  geom_point(size=3)+\n  geom_line()+\n  scale_color_manual(values=c(\n    \"prístino\"=\"salmon\", \n    \"uso humano medio\"=\"pink3\", \n    \"muy alterado\"=\"violet\"\n  ))+\n  theme_minimal()+\n  labs(\n    title=\"Efecto de los Pesticidas\",\n    y=\"Supervivencia (%)\",\n    x=\"Pesticida\"\n  )\n\n```\n\n#### Medidas estadísticas\n\n```{r,echo=FALSE}\nlibrary(dplyr)\nsummary(Tabla_resultados)\n\nTabla_resultados %>%\n  group_by(Tratamiento) %>%\n  summarise(\n    Media = mean(Supervivencia),\n    Desviacion = sd(Supervivencia),\n    Varianza = var(Supervivencia)\n  )\n\n```\n\n#### Comentarios\n\nDe primera estancia podemos observar tanto con la gráfica como con los datos estadísticos obtenidos que no existe mucha diferencia entre los pesticidas pero sí de estos dos contra el control.\n\n#### Prueba omnibus (ANOVA) y Tukey\n\n```{r,echo=FALSE}\n#levels(Supervivencia~Tratamiento)\nanova<-aov(Supervivencia~Tratamiento, data=Tabla_resultados)\nsummary(anova)\nplot(TukeyHSD(anova))\n```\n\n### Modelos lineales\n\n##### Modelo 1\n\n```{r,echo=FALSE}\nlibrary(ggplot2)\nmodelo1<-lm(Supervivencia~Tratamiento, data= Tabla_resultados)\nsummary(modelo1)\nplot(modelo1)\n```\n\n##### Modelo 2\n\n```{r,echo=FALSE}\nlibrary(ggplot2)\nmodelo2 <- lm(Supervivencia ~ Tratamiento + `Tipo de territorio`,\n         data = Tabla_resultados)\nsummary(modelo2)\nplot(modelo2)\n```\n\n##### Modelo 3\n\n```{r,,echo=FALSE}\nmodelo3 <- lm(Supervivencia ~ Tratamiento * `Tipo de territorio`,\n         data = Tabla_resultados)\nsummary(modelo3)\n```\n\n#### Selección del modelo mínimo adecuado\n\nEl modelo mínimo adecuado en este caso es un modelo lineal.\n\n### Calidad del modelo\n\n```{r, echo=FALSE}\nanova(modelo1,modelo2)\n```\n\nCon base en los 3 modelos realizados, considero que el mejor es el **modelo 1,** ya que es el único que se ajusta a los residuales y se podría decir que tiene gran valor de predicción.\n\nAdemás, las gráficas correspondientes al modelo dos se ven extrañas, al igual que los datos obtenidos de los residuales, ya que nos presentan resultados diferentes; por eso no lo consideré el apropiado. Y en el caso del modelo 3 ni siquiera me da el resultado de los residuales.\n\nNo obstante, con base en la comparación de modelos mediante ANOVA, no se encontró evidencia estadística suficiente para afirmar que si sumamos el tipo de territorio, mejora la supervivencia de las larvas, una vez ya considerado el tratamiento.\n\n#### Análisis de los residuos\n\n```{r,echo=FALSE}\ndf <- data.frame(resid=residuals(modelo1,type=\"pearson\"),                   tratamiento= Tabla_resultados$Tratamiento)\ndf\n```\n\n```{r,echo=FALSE}\nlibrary(emmeans)\n# R²\nr2<-summary(modelo1)$r.squared\ncat(sprintf(\"El modelo explica aproximadamente %.1f%% de la variación total (R² = %.3f).\\n\\n\", r2*100, r2))\n\n# Comparaciones Tukey\ntukey<-emmeans(modelo1, pairwise ~ Tratamiento, adjust = \"tukey\")\ntukey\n```\n\nCon base en lo anterior, la prueba nos indica que el modelo explica aproximadamente el 90% de la variación total.\n\n#### Anova del modelo elegido\n\n```{r,echo=FALSE}\nanova1<-anova(modelo1)\nanova1\n```\n\n## ¿Los tratamientos difieren entre sí?\n\n```{r,echo=FALSE}\nmodelo_aov1<-aov(Supervivencia ~ Tratamiento, data=Tabla_resultados)\nTukeyHSD(modelo_aov1)\n```\n\n```{r,echo=FALSE}\nlibrary(ggplot2)\nggplot(Tabla_resultados, aes(x=Tratamiento,y=Supervivencia)) +\n  geom_boxplot(fill=\"gray\") +\n  labs(\n    x = \"Tratamiento\",\n    y = \"Supervivencia\",\n    title = \"Comparación de supervivencia entre tratamientos\"\n  ) +\n  theme_minimal()\n```\n\nPodemos decir que estadísticamente no hay diferencia entre los tratamientos de pesticida a y pesticida b; sin embargo, sí la hay con relación al control, como podemos observar a la hora que hicimos el modelo 1, donde el pesticida b difiere del control.\n\nEsto lo puedo intuir también porque en el anova me muestra que al menos uno de los tratamientos es distinto, por esa razón rechazo H0, la cual indica que los 3 tratamientos son iguales.\n\n## Conclusiones\n\nEntre los tratamientos a y b parece ser que no existe una diferencia significativa, pero sí la hay en contraste con el control.\n\nReferente a los modelos, me quedan dudas sobre si apliqué que el mejor modelo es cuando sólo utilizo el tratamiento sin incluir el territorio, sin embargo, la decisión que tomé fue con base en que los residuales del modelo 2 me dan 9 valores distintos y anteriormente cuando lo había visto, el resultado en esa parte siempre es una tabla con los promedios.\n\nNo obstante, como conclusión personal sé que sí debo seguir leyendo más porque parte de lo difícil es realizar una correcta interpretación de los datos, lo cual considero que aún no es mi punto fuerte; sin embargo, es algo en lo que seguiré trabajando para mejorar.\n\n![Gracias.](images/Aedes-aegypti-Goeldi.webp){fig-align=\"center\"}\n","srcMarkdownNoYaml":"\n\n### **Control de larvas de mosquitos**\n\n#### **Situación de investigación**\n\n![Mosquito de la fiebre amarilla.](images/aedes_aegypti.avif){#1 fig-align=\"center\" width=\"400\"}\n\nQueremos evaluar el efecto de tres pesticidas sobre la supervivencia de larvas de *Aedes aegypti*. Estamos ensayando el pesticida en una zona donde sabemos que hay **distintas historias de exposición a contaminantes**, lo que sospechamos puede afectar su respuesta. Desafortunadamente, sabemos poco sobre los detalles de esas historias de exposición previa, por lo que las consideramos una fuente de variabilidad algo **compleja y no medible**.\n\n![Larva de *Aedes aegypti.*](images/Aedes_aegypti_larva.jpg){fig-align=\"center\" width=\"400\"}\n\n### Diseño experimental\n\nEs un diseño experimental de modelo de efectos aleatorizados con restricciones de aleatorización en bloques.\n\n#### Tratamientos\n\n-   Control\n\n-   A: Mezcla de*Bacillus thuringiensis*, *Beauveria bassiana*, *Peacelomyces fumorosae*\n\n-   B: Temefos\n\n#### Ideas de diseño\n\n-   En la zona de interés se sabe que hay tres grandes territorios. Uno prácticamente en estado natural, seguramente con muy baja exposición a agroquímicos de todo tipo. Hay otra gran proporción del lugar que se dice ha estado medianamente expuesta y finalmente, hay otro territorio muy afectado por actividades humanas que seguramente lo ha expuesto a una larga historia de uso de agroquímicos.\n\n-   El estudio se realizó de la siguiente manera. Se capturaron en cada lugar 100 adultos de *Aedes aegypti*. Se llevaron esos mosquitos al laboratorio, donde se les mantuvo en condiciones homogéneas. Se les ofrecieron contenedores de agua limpia, apropiados para su reproducción. Así, se obtuvieron 50 larvas producidas por los adultos colectados en cada lugar y se expusieron a cada tratamiento. Finalmente, se tomó nota de la supervivencia resultante al cabo de 48 horas.\n\n#### Arreglo de tratamientos\n\nEs un diseño unifactorial.\n\n#### Modelo que corresponde a este experimento\n\n$$\ny=\\mu+Ta+\\text{ŋ}+\\varepsilon\n$$ Leyenda:\n\n-   𝜇: media\n\n-   ta: tratamiento\n\n-   ŋ: error de restricción de bloques\n\n-   ε: error\n\n#### Supuestos que harás para apoyar tu análisis estadístico\n\nSe asume normalidad en los datos, lo que permite poder hacer los análisis siguientes.\n\n#### Criterio o nivel de significancia\n\nSe usó un nivel de significancia de α 0.05 correspondiente al 95% de confianza.\n\n### Resultados obtenidos\n\n#### Tabla\n\n```{r,echo=FALSE}\n\nlibrary(readxl)\nlibrary(knitr)\n\nTabla_resultados<-read_excel(\"Tabla resultados.xlsx\")\n\nknitr::kable(Tabla_resultados,caption=\"Tabla de resultados\")\n\n```\n\n#### Gráfica\n\n```{r,echo=FALSE}\nlibrary(ggplot2)\nlibrary(dplyr)\n\nggplot(Tabla_resultados,aes(\n  x=Tratamiento, \n  y=Supervivencia, \n  color=`Tipo de territorio`, \n  group=`Tipo de territorio`\n))+\n  geom_point(size=3)+\n  geom_line()+\n  scale_color_manual(values=c(\n    \"prístino\"=\"salmon\", \n    \"uso humano medio\"=\"pink3\", \n    \"muy alterado\"=\"violet\"\n  ))+\n  theme_minimal()+\n  labs(\n    title=\"Efecto de los Pesticidas\",\n    y=\"Supervivencia (%)\",\n    x=\"Pesticida\"\n  )\n\n```\n\n#### Medidas estadísticas\n\n```{r,echo=FALSE}\nlibrary(dplyr)\nsummary(Tabla_resultados)\n\nTabla_resultados %>%\n  group_by(Tratamiento) %>%\n  summarise(\n    Media = mean(Supervivencia),\n    Desviacion = sd(Supervivencia),\n    Varianza = var(Supervivencia)\n  )\n\n```\n\n#### Comentarios\n\nDe primera estancia podemos observar tanto con la gráfica como con los datos estadísticos obtenidos que no existe mucha diferencia entre los pesticidas pero sí de estos dos contra el control.\n\n#### Prueba omnibus (ANOVA) y Tukey\n\n```{r,echo=FALSE}\n#levels(Supervivencia~Tratamiento)\nanova<-aov(Supervivencia~Tratamiento, data=Tabla_resultados)\nsummary(anova)\nplot(TukeyHSD(anova))\n```\n\n### Modelos lineales\n\n##### Modelo 1\n\n```{r,echo=FALSE}\nlibrary(ggplot2)\nmodelo1<-lm(Supervivencia~Tratamiento, data= Tabla_resultados)\nsummary(modelo1)\nplot(modelo1)\n```\n\n##### Modelo 2\n\n```{r,echo=FALSE}\nlibrary(ggplot2)\nmodelo2 <- lm(Supervivencia ~ Tratamiento + `Tipo de territorio`,\n         data = Tabla_resultados)\nsummary(modelo2)\nplot(modelo2)\n```\n\n##### Modelo 3\n\n```{r,,echo=FALSE}\nmodelo3 <- lm(Supervivencia ~ Tratamiento * `Tipo de territorio`,\n         data = Tabla_resultados)\nsummary(modelo3)\n```\n\n#### Selección del modelo mínimo adecuado\n\nEl modelo mínimo adecuado en este caso es un modelo lineal.\n\n### Calidad del modelo\n\n```{r, echo=FALSE}\nanova(modelo1,modelo2)\n```\n\nCon base en los 3 modelos realizados, considero que el mejor es el **modelo 1,** ya que es el único que se ajusta a los residuales y se podría decir que tiene gran valor de predicción.\n\nAdemás, las gráficas correspondientes al modelo dos se ven extrañas, al igual que los datos obtenidos de los residuales, ya que nos presentan resultados diferentes; por eso no lo consideré el apropiado. Y en el caso del modelo 3 ni siquiera me da el resultado de los residuales.\n\nNo obstante, con base en la comparación de modelos mediante ANOVA, no se encontró evidencia estadística suficiente para afirmar que si sumamos el tipo de territorio, mejora la supervivencia de las larvas, una vez ya considerado el tratamiento.\n\n#### Análisis de los residuos\n\n```{r,echo=FALSE}\ndf <- data.frame(resid=residuals(modelo1,type=\"pearson\"),                   tratamiento= Tabla_resultados$Tratamiento)\ndf\n```\n\n```{r,echo=FALSE}\nlibrary(emmeans)\n# R²\nr2<-summary(modelo1)$r.squared\ncat(sprintf(\"El modelo explica aproximadamente %.1f%% de la variación total (R² = %.3f).\\n\\n\", r2*100, r2))\n\n# Comparaciones Tukey\ntukey<-emmeans(modelo1, pairwise ~ Tratamiento, adjust = \"tukey\")\ntukey\n```\n\nCon base en lo anterior, la prueba nos indica que el modelo explica aproximadamente el 90% de la variación total.\n\n#### Anova del modelo elegido\n\n```{r,echo=FALSE}\nanova1<-anova(modelo1)\nanova1\n```\n\n## ¿Los tratamientos difieren entre sí?\n\n```{r,echo=FALSE}\nmodelo_aov1<-aov(Supervivencia ~ Tratamiento, data=Tabla_resultados)\nTukeyHSD(modelo_aov1)\n```\n\n```{r,echo=FALSE}\nlibrary(ggplot2)\nggplot(Tabla_resultados, aes(x=Tratamiento,y=Supervivencia)) +\n  geom_boxplot(fill=\"gray\") +\n  labs(\n    x = \"Tratamiento\",\n    y = \"Supervivencia\",\n    title = \"Comparación de supervivencia entre tratamientos\"\n  ) +\n  theme_minimal()\n```\n\nPodemos decir que estadísticamente no hay diferencia entre los tratamientos de pesticida a y pesticida b; sin embargo, sí la hay con relación al control, como podemos observar a la hora que hicimos el modelo 1, donde el pesticida b difiere del control.\n\nEsto lo puedo intuir también porque en el anova me muestra que al menos uno de los tratamientos es distinto, por esa razón rechazo H0, la cual indica que los 3 tratamientos son iguales.\n\n## Conclusiones\n\nEntre los tratamientos a y b parece ser que no existe una diferencia significativa, pero sí la hay en contraste con el control.\n\nReferente a los modelos, me quedan dudas sobre si apliqué que el mejor modelo es cuando sólo utilizo el tratamiento sin incluir el territorio, sin embargo, la decisión que tomé fue con base en que los residuales del modelo 2 me dan 9 valores distintos y anteriormente cuando lo había visto, el resultado en esa parte siempre es una tabla con los promedios.\n\nNo obstante, como conclusión personal sé que sí debo seguir leyendo más porque parte de lo difícil es realizar una correcta interpretación de los datos, lo cual considero que aún no es mi punto fuerte; sin embargo, es algo en lo que seguiré trabajando para mejorar.\n\n![Gracias.](images/Aedes-aegypti-Goeldi.webp){fig-align=\"center\"}\n"},"formats":{"html":{"identifier":{"display-name":"HTML","target-format":"html","base-format":"html"},"execute":{"fig-width":7,"fig-height":5,"fig-format":"retina","fig-dpi":96,"df-print":"default","error":false,"eval":true,"cache":null,"freeze":false,"echo":true,"output":true,"warning":true,"include":true,"keep-md":false,"keep-ipynb":false,"ipynb":null,"enabled":null,"daemon":null,"daemon-restart":false,"debug":false,"ipynb-filters":[],"ipynb-shell-interactivity":null,"plotly-connected":true,"engine":"knitr"},"render":{"keep-tex":false,"keep-typ":false,"keep-source":false,"keep-hidden":false,"prefer-html":false,"output-divs":true,"output-ext":"html","fig-align":"default","fig-pos":null,"fig-env":null,"code-fold":"none","code-overflow":"scroll","code-link":false,"code-line-numbers":false,"code-tools":false,"tbl-colwidths":"auto","merge-includes":true,"inline-includes":false,"preserve-yaml":false,"latex-auto-mk":true,"latex-auto-install":true,"latex-clean":true,"latex-min-runs":1,"latex-max-runs":10,"latex-makeindex":"makeindex","latex-makeindex-opts":[],"latex-tlmgr-opts":[],"latex-input-paths":[],"latex-output-dir":null,"link-external-icon":false,"link-external-newwindow":false,"self-contained-math":false,"format-resources":[],"notebook-links":true},"pandoc":{"standalone":true,"wrap":"none","default-image-extension":"png","to":"html","embed-resources":true,"output-file":"Ejercicio-3-Jennifer.html"},"language":{"toc-title-document":"Tabla de contenidos","toc-title-website":"En esta página","related-formats-title":"Otros formatos","related-notebooks-title":"Notebooks","source-notebooks-prefix":"Fuente","other-links-title":"Otros Enlaces","code-links-title":"Enlaces de código","launch-dev-container-title":"Iniciar Dev Container","launch-binder-title":"Iniciar Binder","article-notebook-label":"Cuaderno de Artículo","notebook-preview-download":"Descargar Cuaderno","notebook-preview-download-src":"Descargar código fuente","notebook-preview-back":"Volver al Artículo","manuscript-meca-bundle":"Archivo MECA","section-title-abstract":"Resumen","section-title-appendices":"Apéndices","section-title-footnotes":"Notas","section-title-references":"Referencias","section-title-reuse":"Reutilización","section-title-copyright":"Derechos de autor","section-title-citation":"Cómo citar","appendix-attribution-cite-as":"Por favor, cita este trabajo como:","appendix-attribution-bibtex":"BibTeX","appendix-view-license":"Ver Licencia","title-block-author-single":"Autor/a","title-block-author-plural":"Autores/as","title-block-affiliation-single":"Afiliación","title-block-affiliation-plural":"Afiliaciones","title-block-published":"Fecha de publicación","title-block-modified":"Fecha de modificación","title-block-keywords":"Palabras clave","callout-tip-title":"Tip","callout-note-title":"Nota","callout-warning-title":"Advertencia","callout-important-title":"Importante","callout-caution-title":"Precaución","code-summary":"Código","code-tools-menu-caption":"Código","code-tools-show-all-code":"Mostrar todo el código","code-tools-hide-all-code":"Ocultar todo el código","code-tools-view-source":"Ver el código fuente","code-tools-source-code":"Ejecutar el código","tools-share":"Compartir","tools-download":"Descargar","code-line":"Línea","code-lines":"Líneas","copy-button-tooltip":"Copiar al portapapeles","copy-button-tooltip-success":"Copiado","repo-action-links-edit":"Editar esta página","repo-action-links-source":"Ver el código","repo-action-links-issue":"Informar de un problema","back-to-top":"Volver arriba","search-no-results-text":"Sin resultados","search-matching-documents-text":"documentos encontrados","search-copy-link-title":"Copiar el enlace en la búsqueda","search-hide-matches-text":"Ocultar resultados adicionales","search-more-match-text":"resultado adicional en este documento","search-more-matches-text":"resultados adicionales en este documento","search-clear-button-title":"Borrar","search-text-placeholder":"","search-detached-cancel-button-title":"Cancelar","search-submit-button-title":"Enviar","search-label":"Buscar","toggle-section":"Alternar sección","toggle-sidebar":"Alternar barra lateral","toggle-dark-mode":"Alternar modo oscuro","toggle-reader-mode":"Alternar modo lector","toggle-navigation":"Navegación de palanca","crossref-fig-title":"Figura","crossref-tbl-title":"Tabla","crossref-lst-title":"Listado","crossref-thm-title":"Teorema","crossref-lem-title":"Lema","crossref-cor-title":"Corolario","crossref-prp-title":"Proposición","crossref-cnj-title":"Conjetura","crossref-def-title":"Definición","crossref-exm-title":"Ejemplo","crossref-exr-title":"Ejercicio","crossref-ch-prefix":"Capítulo","crossref-apx-prefix":"Apéndice","crossref-sec-prefix":"Sección","crossref-eq-prefix":"Ecuación","crossref-lof-title":"Listado de Figuras","crossref-lot-title":"Listado de Tablas","crossref-lol-title":"Listado de Listados","environment-proof-title":"Prueba","environment-remark-title":"Observación","environment-solution-title":"Solución","listing-page-order-by":"Ordenar por","listing-page-order-by-default":"Por defecto","listing-page-order-by-date-asc":"Menos reciente","listing-page-order-by-date-desc":"Más reciente","listing-page-order-by-number-desc":"De mayor a menor","listing-page-order-by-number-asc":"De menor a mayor","listing-page-field-date":"Fecha","listing-page-field-title":"Título","listing-page-field-description":"Descripción","listing-page-field-author":"Autor/a","listing-page-field-filename":"Nombre de archivo","listing-page-field-filemodified":"Fecha de modificación","listing-page-field-subtitle":"Subtítulo","listing-page-field-readingtime":"Tiempo de lectura","listing-page-field-wordcount":"Conteo de Palabras","listing-page-field-categories":"Categorías","listing-page-minutes-compact":"{0} minutos","listing-page-category-all":"Todas","listing-page-no-matches":"No hay resultados","listing-page-words":"{0} palabras","listing-page-filter":"Filtro","draft":"Borrador"},"metadata":{"lang":"es","fig-responsive":true,"quarto-version":"1.7.32","editor":"visual","title":"Ejercicio-3-Jennifer","author":"Jennifer Lizzet Fernández Valdez","date":"2026/feb/06"},"extensions":{"book":{"multiFile":true}}},"docx":{"identifier":{"display-name":"MS Word","target-format":"docx","base-format":"docx"},"execute":{"fig-width":5,"fig-height":4,"fig-format":"png","fig-dpi":96,"df-print":"default","error":false,"eval":true,"cache":null,"freeze":false,"echo":true,"output":true,"warning":true,"include":true,"keep-md":false,"keep-ipynb":false,"ipynb":null,"enabled":null,"daemon":null,"daemon-restart":false,"debug":false,"ipynb-filters":[],"ipynb-shell-interactivity":null,"plotly-connected":true,"engine":"knitr"},"render":{"keep-tex":false,"keep-typ":false,"keep-source":false,"keep-hidden":false,"prefer-html":false,"output-divs":true,"output-ext":"docx","fig-align":"default","fig-pos":null,"fig-env":null,"code-fold":"none","code-overflow":"scroll","code-link":false,"code-line-numbers":false,"code-tools":false,"tbl-colwidths":true,"merge-includes":true,"inline-includes":false,"preserve-yaml":false,"latex-auto-mk":true,"latex-auto-install":true,"latex-clean":true,"latex-min-runs":1,"latex-max-runs":10,"latex-makeindex":"makeindex","latex-makeindex-opts":[],"latex-tlmgr-opts":[],"latex-input-paths":[],"latex-output-dir":null,"link-external-icon":false,"link-external-newwindow":false,"self-contained-math":false,"format-resources":[],"page-width":6.5},"pandoc":{"default-image-extension":"png","to":"docx","output-file":"Ejercicio-3-Jennifer.docx"},"language":{"toc-title-document":"Tabla de contenidos","toc-title-website":"En esta página","related-formats-title":"Otros formatos","related-notebooks-title":"Notebooks","source-notebooks-prefix":"Fuente","other-links-title":"Otros Enlaces","code-links-title":"Enlaces de código","launch-dev-container-title":"Iniciar Dev Container","launch-binder-title":"Iniciar Binder","article-notebook-label":"Cuaderno de Artículo","notebook-preview-download":"Descargar Cuaderno","notebook-preview-download-src":"Descargar código fuente","notebook-preview-back":"Volver al Artículo","manuscript-meca-bundle":"Archivo MECA","section-title-abstract":"Resumen","section-title-appendices":"Apéndices","section-title-footnotes":"Notas","section-title-references":"Referencias","section-title-reuse":"Reutilización","section-title-copyright":"Derechos de autor","section-title-citation":"Cómo citar","appendix-attribution-cite-as":"Por favor, cita este trabajo como:","appendix-attribution-bibtex":"BibTeX","appendix-view-license":"Ver Licencia","title-block-author-single":"Autor/a","title-block-author-plural":"Autores/as","title-block-affiliation-single":"Afiliación","title-block-affiliation-plural":"Afiliaciones","title-block-published":"Fecha de publicación","title-block-modified":"Fecha de modificación","title-block-keywords":"Palabras clave","callout-tip-title":"Tip","callout-note-title":"Nota","callout-warning-title":"Advertencia","callout-important-title":"Importante","callout-caution-title":"Precaución","code-summary":"Código","code-tools-menu-caption":"Código","code-tools-show-all-code":"Mostrar todo el código","code-tools-hide-all-code":"Ocultar todo el código","code-tools-view-source":"Ver el código fuente","code-tools-source-code":"Ejecutar el código","tools-share":"Compartir","tools-download":"Descargar","code-line":"Línea","code-lines":"Líneas","copy-button-tooltip":"Copiar al portapapeles","copy-button-tooltip-success":"Copiado","repo-action-links-edit":"Editar esta página","repo-action-links-source":"Ver el código","repo-action-links-issue":"Informar de un problema","back-to-top":"Volver arriba","search-no-results-text":"Sin resultados","search-matching-documents-text":"documentos encontrados","search-copy-link-title":"Copiar el enlace en la búsqueda","search-hide-matches-text":"Ocultar resultados adicionales","search-more-match-text":"resultado adicional en este documento","search-more-matches-text":"resultados adicionales en este documento","search-clear-button-title":"Borrar","search-text-placeholder":"","search-detached-cancel-button-title":"Cancelar","search-submit-button-title":"Enviar","search-label":"Buscar","toggle-section":"Alternar sección","toggle-sidebar":"Alternar barra lateral","toggle-dark-mode":"Alternar modo oscuro","toggle-reader-mode":"Alternar modo lector","toggle-navigation":"Navegación de palanca","crossref-fig-title":"Figura","crossref-tbl-title":"Tabla","crossref-lst-title":"Listado","crossref-thm-title":"Teorema","crossref-lem-title":"Lema","crossref-cor-title":"Corolario","crossref-prp-title":"Proposición","crossref-cnj-title":"Conjetura","crossref-def-title":"Definición","crossref-exm-title":"Ejemplo","crossref-exr-title":"Ejercicio","crossref-ch-prefix":"Capítulo","crossref-apx-prefix":"Apéndice","crossref-sec-prefix":"Sección","crossref-eq-prefix":"Ecuación","crossref-lof-title":"Listado de Figuras","crossref-lot-title":"Listado de Tablas","crossref-lol-title":"Listado de Listados","environment-proof-title":"Prueba","environment-remark-title":"Observación","environment-solution-title":"Solución","listing-page-order-by":"Ordenar por","listing-page-order-by-default":"Por defecto","listing-page-order-by-date-asc":"Menos reciente","listing-page-order-by-date-desc":"Más reciente","listing-page-order-by-number-desc":"De mayor a menor","listing-page-order-by-number-asc":"De menor a mayor","listing-page-field-date":"Fecha","listing-page-field-title":"Título","listing-page-field-description":"Descripción","listing-page-field-author":"Autor/a","listing-page-field-filename":"Nombre de archivo","listing-page-field-filemodified":"Fecha de modificación","listing-page-field-subtitle":"Subtítulo","listing-page-field-readingtime":"Tiempo de lectura","listing-page-field-wordcount":"Conteo de Palabras","listing-page-field-categories":"Categorías","listing-page-minutes-compact":"{0} minutos","listing-page-category-all":"Todas","listing-page-no-matches":"No hay resultados","listing-page-words":"{0} palabras","listing-page-filter":"Filtro","draft":"Borrador"},"metadata":{"editor":"visual","title":"Ejercicio-3-Jennifer","author":"Jennifer Lizzet Fernández Valdez","date":"2026/feb/06","lang":"es"},"extensions":{"book":{"selfContainedOutput":true}}}},"projectFormats":[]}