"0","library(ggplot2)"
"0","library(dplyr)"
"0",""
"0","ggplot(Tabla_resultados,aes("
"0","  x=Tratamiento, "
"0","  y=Supervivencia, "
"0","  color=`Tipo de territorio`, "
"0","  group=`Tipo de territorio`"
"0","))+"
"0","  geom_point(size=3)+"
"0","  geom_line()+"
"0","  scale_color_manual(values=c("
"0","    ""prístino""=""salmon"", "
"0","    ""uso humano medio""=""pink3"", "
"0","    ""muy alterado""=""violet"""
"0","  ))+"
"0","  theme_minimal()+"
"0","  labs("
"0","    title=""Efecto de los Pesticidas"","
"0","    y=""Supervivencia (%)"","
"0","    x=""Pesticida"""
"0","  )"
"0",""
